,mean_x,mean_y,std_x,std_y,correlation,var_x,var_y
I,9.0,7.5,3.31662,2.03,0.816,11.0,4.13
II,9.0,7.5,3.31662,2.03,0.816,11.0,4.13
III,9.0,7.5,3.31662,2.03,0.816,11.0,4.12
IV,9.0,7.5,3.31662,2.03,0.817,11.0,4.12
